"operation","functionName","payload","durationMS","cursorIndex","currentLineChars","documentChars","documentLines","payloadLength","selectionLength","timestamp"
"insert","pushToUndo","The quick brown fox jumps over the lazy dog.","0.05","0","0","0","1","44","0","1791667943182"
"insert","insertText","The quick brown fox jumps over the lazy dog.","0","880","0","880","1","44","0","1791667943182"
"insert","renderDOM","The quick brown fox jumps over the lazy dog.","0","880","880","880","1","44","0","1791667943183"
"move","handleMovement","","0","860","880","880","1","0","0","1791667943183"
"move","renderDOM","","0.05","860","880","880","1","0","0","1791667943183"
"move","handleMovement","","0","840","880","880","1","0","0","1791667943183"
"move","renderDOM","","0.05","840","880","880","1","0","0","1791667943183"
"move","handleMovement","","0","820","880","880","1","0","0","1791667943183"
"move","renderDOM","","0","820","880","880","1","0","0","1791667943184"
"move","handleMovement","","0","800","880","880","1","0","0","1791667943184"
"move","renderDOM","","0","800","880","880","1","0","0","1791667943184"
"insert","pushToUndo","cat","0","800","880","880","1","3","0","1791667943184"
"insert","insertText","cat","0","877","880","940","1","3","0","1791667943184"
"insert","renderDOM","cat","0","877","940","940","1","3","0","1791667943185"
"move","handleMovement","","0","857","940","940","1","0","0","1791667943185"
"move","renderDOM","","0","857","940","940","1","0","0","1791667943185"
"move","handleMovement","","0","837","940","940","1","0","0","1791667943185"
"move","renderDOM","","0.05","837","940","940","1","0","0","1791667943185"
"insert","pushToUndo","very ","0","837","940","940","1","5","0","1791667943185"
"insert","insertText","very ","0","937","940","1040","1","5","0","1791667943185"
"insert","renderDOM","very ","0","937","1040","1040","1","5","0","1791667943186"
"move","handleMovement","","0","917","1040","1040","1","0","0","1791667943186"
"move","renderDOM","","0","917","1040","1040","1","0","0","1791667943186"
"move","handleMovement","","0","897","1040","1040","1","0","0","1791667943186"
"move","renderDOM","","0.05","897","1040","1040","1","0","0","1791667943186"
"move","handleMovement","","0","877","1040","1040","1","0","0","1791667943186"
"move","renderDOM","","0","877","1040","1040","1","0","0","1791667943186"
"move","handleMovement","","0","857","1040","1040","1","0","0","1791667943186"
"move","renderDOM","","0.05","857","1040","1040","1","0","0","1791667943187"
"move","handleMovement","","0","837","1040","1040","1","0","0","1791667943187"
"move","renderDOM","","0","837","1040","1040","1","0","0","1791667943188"
"cut","pushToUndo","","0","837","1040","1040","1","0","0","1791667943188"
"cut","removeSelectedText","","0","877","1040","1040","1","0","0","1791667943188"
"cut","renderDOM","","0.05","877","1040","1040","1","0","0","1791667943188"
"insert","pushToUndo","beautiful","0","877","1040","1040","1","9","0","1791667943188"
"insert","insertText","beautiful","0","1057","1040","1220","1","9","0","1791667943188"
"insert","renderDOM","beautiful","0","1057","1220","1220","1","9","0","1791667943188"
"move","handleMovement","","0","1077","1220","1220","1","0","0","1791667943188"
"move","renderDOM","","0","1077","1220","1220","1","0","0","1791667943189"
"move","handleMovement","","0","1097","1220","1220","1","0","0","1791667943189"
"move","renderDOM","","0.05","1097","1220","1220","1","0","0","1791667943189"
"insert","pushToUndo"," and incredibly ","0","1097","1220","1220","1","16","0","1791667943189"
"insert","insertText"," and incredibly ","0","1417","1220","1540","1","16","0","1791667943189"
"insert","renderDOM"," and incredibly ","0","1417","1540","1540","1","16","0","1791667943189"
"move","handleMovement","","0","1397","1540","1540","1","0","0","1791667943189"
"move","renderDOM","","0","1397","1540","1540","1","0","0","1791667943190"
"move","handleMovement","","0","1377","1540","1540","1","0","0","1791667943190"
"move","renderDOM","","0.05","1377","1540","1540","1","0","0","1791667943190"
"backspace","pushToUndo","","0","1377","1540","1540","1","0","0","1791667943190"
"backspace","handleBackspace","","0","1357","1540","1520","1","0","0","1791667943190"
"backspace","renderDOM","","0","1357","1520","1520","1","0","0","1791667943190"
"insert","pushToUndo","remarkably","0","1357","1520","1520","1","10","0","1791667943190"
"insert","insertText","remarkably","0","1557","1520","1720","1","10","0","1791667943190"
"insert","renderDOM","remarkably","0","1557","1720","1720","1","10","0","1791667943191"
"move","handleMovement","","0","0","1720","1720","1","0","0","1791667943191"
"move","renderDOM","","0","0","1720","1720","1","0","0","1791667943191"
"move","handleMovement","","0","1720","1720","1720","1","0","0","1791667943191"
"move","renderDOM","","0","1720","1720","1720","1","0","0","1791667943191"
"move","handleMovement","","0","1700","1720","1720","1","0","0","1791667943191"
"move","renderDOM","","0","1700","1720","1720","1","0","0","1791667943192"
"move","handleMovement","","0","1720","1720","1720","1","0","0","1791667943192"
"move","renderDOM","","0.05","1720","1720","1720","1","0","0","1791667943193"
"undo","undo","","0","1357","1720","1520","1","0","0","1791667943193"
"undo","renderDOM","","0.05","1357","1520","1520","1","0","0","1791667943193"
"redo","redo","","0","1357","1520","1520","1","0","0","1791667943193"
"redo","renderDOM","","0","1357","1520","1520","1","0","0","1791667943193"
"insert","pushToUndo"," Once upon a time, in a small village surrounded by green hills and ancient forests, there lived a curious young explorer named Alex. Every morning, Alex would wander through the winding streets, greeting neighbors and wondering what lay beyond the distant mountains. One sunny afternoon, while exploring an overgrown garden behind an abandoned cottage, Alex discovered a mysterious wooden door hidden beneath thick vines. The door had strange symbols carved into its surface, and a tiny brass handle that glimmered in the sunlight. With a deep breath and a little hesitation, Alex turned the handle and stepped into a world unlike anything they had ever imagined.","0","1357","1520","1520","1","664","0","1791667943193"
"insert","insertText"," Once upon a time, in a small village surrounded by green hills and ancient forests, there lived a curious young explorer named Alex. Every morning, Alex would wander through the winding streets, greeting neighbors and wondering what lay beyond the distant mountains. One sunny afternoon, while exploring an overgrown garden behind an abandoned cottage, Alex discovered a mysterious wooden door hidden beneath thick vines. The door had strange symbols carved into its surface, and a tiny brass handle that glimmered in the sunlight. With a deep breath and a little hesitation, Alex turned the handle and stepped into a world unlike anything they had ever imagined.","0","14637","1520","14800","1","664","0","1791667943193"
"insert","renderDOM"," Once upon a time, in a small village surrounded by green hills and ancient forests, there lived a curious young explorer named Alex. Every morning, Alex would wander through the winding streets, greeting neighbors and wondering what lay beyond the distant mountains. One sunny afternoon, while exploring an overgrown garden behind an abandoned cottage, Alex discovered a mysterious wooden door hidden beneath thick vines. The door had strange symbols carved into its surface, and a tiny brass handle that glimmered in the sunlight. With a deep breath and a little hesitation, Alex turned the handle and stepped into a world unlike anything they had ever imagined.","0.05","14637","14800","14800","1","664","0","1791667943194"
"move","handleMovement","","0","14617","14800","14800","1","0","0","1791667943194"
"move","renderDOM","","0.05","14617","14800","14800","1","0","0","1791667943195"
"move","handleMovement","","0","14597","14800","14800","1","0","0","1791667943195"
"move","renderDOM","","0","14597","14800","14800","1","0","0","1791667943195"
"move","handleMovement","","0","14577","14800","14800","1","0","0","1791667943195"
"move","renderDOM","","0.05","14577","14800","14800","1","0","0","1791667943196"
"move","handleMovement","","0","14557","14800","14800","1","0","0","1791667943196"
"move","renderDOM","","0.05","14557","14800","14800","1","0","0","1791667943196"
"move","handleMovement","","0","14537","14800","14800","1","0","0","1791667943196"
"move","renderDOM","","0.05","14537","14800","14800","1","0","0","1791667943197"
"move","handleMovement","","0","14517","14800","14800","1","0","0","1791667943197"
"move","renderDOM","","0","14517","14800","14800","1","0","0","1791667943198"
"move","handleMovement","","0","14497","14800","14800","1","0","0","1791667943198"
"move","renderDOM","","0.05","14497","14800","14800","1","0","0","1791667943199"
"move","handleMovement","","0","14477","14800","14800","1","0","0","1791667943199"
"move","renderDOM","","0.05","14477","14800","14800","1","0","0","1791667943199"
"insert","pushToUndo"," incredibly","0","14477","14800","14800","1","11","0","1791667943199"
"insert","insertText"," incredibly","0","14697","14800","15020","1","11","0","1791667943199"
"insert","renderDOM"," incredibly","0","14697","15020","15020","1","11","0","1791667943200"
"move","handleMovement","","0","14677","15020","15020","1","0","0","1791667943200"
"move","renderDOM","","0.05","14677","15020","15020","1","0","0","1791667943201"
"move","handleMovement","","0","14657","15020","15020","1","0","0","1791667943201"
"move","renderDOM","","0.05","14657","15020","15020","1","0","0","1791667943202"
"move","handleMovement","","0","14637","15020","15020","1","0","0","1791667943202"
"move","renderDOM","","0.05","14637","15020","15020","1","0","0","1791667943203"
"move","handleMovement","","0","14617","15020","15020","1","0","0","1791667943203"
"move","renderDOM","","0.05","14617","15020","15020","1","0","0","1791667943205"
"move","handleMovement","","0","14597","15020","15020","1","0","0","1791667943205"
"move","renderDOM","","0.1","14597","15020","15020","1","0","0","1791667943207"
"move","handleMovement","","0","14577","15020","15020","1","0","0","1791667943207"
"move","renderDOM","","0.1","14577","15020","15020","1","0","0","1791667943208"
"insert","pushToUndo","wonderfully","0","14577","15020","15020","1","11","0","1791667943208"
"insert","insertText","wonderfully","0","14866","15020","15240","1","11","0","1791667943208"
"insert","renderDOM","wonderfully","0","14866","15240","15240","1","11","0","1791667943209"
"move","handleMovement","","0","14886","15240","15240","1","0","0","1791667943209"
"move","renderDOM","","0.05","14886","15240","15240","1","0","0","1791667943210"
"move","handleMovement","","0","14906","15240","15240","1","0","0","1791667943210"
"move","renderDOM","","0.05","14906","15240","15240","1","0","0","1791667943210"
"move","handleMovement","","0","14926","15240","15240","1","0","0","1791667943210"
"move","renderDOM","","0","14926","15240","15240","1","0","0","1791667943211"
"insert","pushToUndo"," unexpectedly","0","14926","15240","15240","1","13","0","1791667943211"
"insert","insertText"," unexpectedly","0","15186","15240","15500","1","13","0","1791667943211"
"insert","renderDOM"," unexpectedly","0.05","15186","15500","15500","1","13","0","1791667943212"
"enter","pushToUndo","","0","15186","15500","15500","1","0","0","1791667943212"
"enter","handleEnter","","0","0","15500","15500","21","0","0","1791667943212"
"enter","renderDOM","","0.1","0","314","15500","21","0","0","1791667943213"
"insert","pushToUndo","This is a new paragraph that contains enough text to exercise cursor placement throughout a long line. Moving the cursor backward and forward should allow edits at the beginning, middle, and end of the paragraph, rather than only at the boundaries. We can also select portions of text, replace them, and test how the editor handles changes to existing content.","0","0","314","15500","21","360","0","1791667943213"
"insert","insertText","This is a new paragraph that contains enough text to exercise cursor placement throughout a long line. Moving the cursor backward and forward should allow edits at the beginning, middle, and end of the paragraph, rather than only at the boundaries. We can also select portions of text, replace them, and test how the editor handles changes to existing content.","0","7200","314","22700","21","360","0","1791667943213"
"insert","renderDOM","This is a new paragraph that contains enough text to exercise cursor placement throughout a long line. Moving the cursor backward and forward should allow edits at the beginning, middle, and end of the paragraph, rather than only at the boundaries. We can also select portions of text, replace them, and test how the editor handles changes to existing content.","0.1","7200","7514","22700","21","360","0","1791667943214"
"move","handleMovement","","0","7180","7514","22700","21","0","0","1791667943214"
"move","renderDOM","","0.05","7180","7514","22700","21","0","0","1791667943216"
"move","handleMovement","","0","7160","7514","22700","21","0","0","1791667943216"
"move","renderDOM","","0.1","7160","7514","22700","21","0","0","1791667943218"
"move","handleMovement","","0","7140","7514","22700","21","0","0","1791667943218"
"move","renderDOM","","0.1","7140","7514","22700","21","0","0","1791667943220"
"move","handleMovement","","0","7120","7514","22700","21","0","0","1791667943220"
"move","renderDOM","","0.1","7120","7514","22700","21","0","0","1791667943222"
"move","handleMovement","","0","7100","7514","22700","21","0","0","1791667943222"
"move","renderDOM","","0.05","7100","7514","22700","21","0","0","1791667943224"
"move","handleMovement","","0","7080","7514","22700","21","0","0","1791667943224"
"move","renderDOM","","0.15","7080","7514","22700","21","0","0","1791667943226"
"move","handleMovement","","0","7060","7514","22700","21","0","0","1791667943226"
"move","renderDOM","","0.05","7060","7514","22700","21","0","0","1791667943228"
"move","handleMovement","","0","7040","7514","22700","21","0","0","1791667943228"
"move","renderDOM","","0.1","7040","7514","22700","21","0","0","1791667943229"
"move","handleMovement","","0","7020","7514","22700","21","0","0","1791667943229"
"move","renderDOM","","0.1","7020","7514","22700","21","0","0","1791667943231"
"move","handleMovement","","0","7000","7514","22700","21","0","0","1791667943231"
"move","renderDOM","","0.1","7000","7514","22700","21","0","0","1791667943233"
"move","handleMovement","","0","6980","7514","22700","21","0","0","1791667943233"
"move","renderDOM","","0.1","6980","7514","22700","21","0","0","1791667943235"
"move","handleMovement","","0","6960","7514","22700","21","0","0","1791667943235"
"move","renderDOM","","0.15","6960","7514","22700","21","0","0","1791667943238"
"move","handleMovement","","0","6940","7514","22700","21","0","0","1791667943238"
"move","renderDOM","","0.1","6940","7514","22700","21","0","0","1791667943240"
"move","handleMovement","","0","6920","7514","22700","21","0","0","1791667943240"
"move","renderDOM","","0.15","6920","7514","22700","21","0","0","1791667943243"
"cut","pushToUndo","","0","6920","7514","22700","21","0","0","1791667943243"
"cut","removeSelectedText","","0","7000","7514","22700","21","0","0","1791667943243"
"cut","renderDOM","","0.1","7000","7514","22700","21","0","0","1791667943245"
"insert","pushToUndo","a carefully rewritten section","0","7000","7514","22700","21","29","0","1791667943245"
"insert","insertText","a carefully rewritten section","0","7580","7514","23280","21","29","0","1791667943245"
"insert","renderDOM","a carefully rewritten section","0.05","7580","8094","23280","21","29","0","1791667943247"
"move","handleMovement","","0","7580","8094","23280","21","0","0","1791667943247"
"move","renderDOM","","0.1","7580","15186","23280","21","0","0","1791667943249"
"move","handleMovement","","0","7560","15186","23280","21","0","0","1791667943249"
"move","renderDOM","","0.1","7560","15186","23280","21","0","0","1791667943251"
"move","handleMovement","","0","7540","15186","23280","21","0","0","1791667943251"
"move","renderDOM","","0.1","7540","15186","23280","21","0","0","1791667943252"
"move","handleMovement","","0","7560","15186","23280","21","0","0","1791667943252"
"move","renderDOM","","0.15","7560","15186","23280","21","0","0","1791667943255"
"move","handleMovement","","0","7580","15186","23280","21","0","0","1791667943255"
"move","renderDOM","","0.15","7580","15186","23280","21","0","0","1791667943258"
"insert","pushToUndo","XX","0","7580","15186","23280","21","2","0","1791667943258"
"insert","insertText","XX","0","7578","15186","23320","21","2","0","1791667943258"
"insert","renderDOM","XX","0.15","7578","15226","23320","21","2","0","1791667943261"
"undo","undo","","0","7580","15226","23280","21","0","0","1791667943261"
"undo","renderDOM","","0.25","7580","15186","23280","21","0","0","1791667943266"
"undo","undo","","0","7000","15186","22700","21","0","0","1791667943266"
"undo","renderDOM","","0.1","7000","7514","22700","21","0","0","1791667943268"
"redo","redo","","0","7000","7514","22700","21","0","0","1791667943268"
"redo","renderDOM","","0.05","7000","7514","22700","21","0","0","1791667943269"
"insert","pushToUndo"," additional details","0","7000","7514","22700","21","19","0","1791667943269"
"insert","insertText"," additional details","0","7380","7514","23080","21","19","0","1791667943269"
"insert","renderDOM"," additional details","0.1","7380","7894","23080","21","19","0","1791667943271"
"move","handleMovement","","0","7894","7894","23080","21","0","0","1791667943271"
"move","renderDOM","","0.1","7894","7894","23080","21","0","0","1791667943274"
"move","handleMovement","","0","7894","7894","23080","21","0","0","1791667943274"
"move","renderDOM","","0.1","7894","7894","23080","21","0","0","1791667943276"
"move","handleMovement","","0","7894","7894","23080","21","0","0","1791667943276"
"move","renderDOM","","0.1","7894","7894","23080","21","0","0","1791667943278"
"move","handleMovement","","0","7894","7894","23080","21","0","0","1791667943278"
"move","renderDOM","","0.1","7894","7894","23080","21","0","0","1791667943279"
"move","handleMovement","","0","7894","7894","23080","21","0","0","1791667943279"
"move","renderDOM","","0.1","7894","7894","23080","21","0","0","1791667943281"
"insert","pushToUndo"," inserted midway ","0","7894","7894","23080","21","17","0","1791667943281"
"insert","insertText"," inserted midway ","0","8234","7894","23420","21","17","0","1791667943281"
"insert","renderDOM"," inserted midway ","0.1","8234","8234","23420","21","17","0","1791667943283"
"move","handleMovement","","0","8214","8234","23420","21","0","0","1791667943283"
"move","renderDOM","","0.1","8214","8234","23420","21","0","0","1791667943284"
"backspace","pushToUndo","","0","8214","8234","23420","21","0","0","1791667943284"
"backspace","handleBackspace","","0","8194","8234","23400","21","0","0","1791667943284"
"backspace","renderDOM","","0.1","8194","8214","23400","21","0","0","1791667943286"
"insert","pushToUndo","e","0","8194","8214","23400","21","1","0","1791667943286"
"insert","insertText","e","0","8214","8214","23420","21","1","0","1791667943286"
"insert","renderDOM","e","0.05","8214","8234","23420","21","1","0","1791667943288"
"move","handleMovement","","0","8194","8234","23420","21","0","0","1791667943288"
"move","renderDOM","","0.15","8194","8234","23420","21","0","0","1791667943291"
"move","handleMovement","","0","8174","8234","23420","21","0","0","1791667943291"
"move","renderDOM","","0.1","8174","8234","23420","21","0","0","1791667943293"
"move","handleMovement","","0","8154","8234","23420","21","0","0","1791667943293"
"move","renderDOM","","0.1","8154","8234","23420","21","0","0","1791667943296"
"move","handleMovement","","0","8134","8234","23420","21","0","0","1791667943296"
"move","renderDOM","","0.1","8134","8234","23420","21","0","0","1791667943298"
"move","handleMovement","","0","8114","8234","23420","21","0","0","1791667943298"
"move","renderDOM","","0.1","8114","8234","23420","21","0","0","1791667943300"
"move","handleMovement","","0","8094","8234","23420","21","0","0","1791667943300"
"move","renderDOM","","0.1","8094","8234","23420","21","0","0","1791667943301"
"move","handleMovement","","0","8074","8234","23420","21","0","0","1791667943301"
"move","renderDOM","","0.15","8074","8234","23420","21","0","0","1791667943304"
"move","handleMovement","","0","8054","8234","23420","21","0","0","1791667943304"
"move","renderDOM","","0.1","8054","8234","23420","21","0","0","1791667943307"
"insert","pushToUndo","edited","0","8054","8234","23420","21","6","0","1791667943307"
"insert","insertText","edited","0","8208","8234","23540","21","6","0","1791667943307"
"insert","renderDOM","edited","0.15","8208","8354","23540","21","6","0","1791667943310"
"move","handleMovement","","0","8228","8354","23540","21","0","0","1791667943310"
"move","renderDOM","","0.15","8228","8354","23540","21","0","0","1791667943313"
"move","handleMovement","","0","8248","8354","23540","21","0","0","1791667943313"
"move","renderDOM","","0.1","8248","8354","23540","21","0","0","1791667943315"
"move","handleMovement","","0","8228","8354","23540","21","0","0","1791667943315"
"move","renderDOM","","0.15","8228","8354","23540","21","0","0","1791667943318"
"cut","pushToUndo","","0","8228","8354","23540","21","0","0","1791667943318"
"cut","removeSelectedText","","0","8248","8354","23540","21","0","0","1791667943318"
"cut","renderDOM","","0.05","8248","8354","23540","21","0","0","1791667943319"
"insert","pushToUndo","replacement text","0","8248","8354","23540","21","16","0","1791667943319"
"insert","pasteText","replacement text","0","8568","8354","23860","21","16","0","1791667943319"
"insert","renderDOM","replacement text","0.1","8568","8674","23860","21","16","0","1791667943321"
"move","handleMovement","","0","8548","8674","23860","21","0","0","1791667943321"
"move","renderDOM","","0.1","8548","8674","23860","21","0","0","1791667943324"
"move","handleMovement","","0","8528","8674","23860","21","0","0","1791667943324"
"move","renderDOM","","0.15","8528","8674","23860","21","0","0","1791667943326"
"move","handleMovement","","0","8508","8674","23860","21","0","0","1791667943326"
"move","renderDOM","","0.25","8508","8674","23860","21","0","0","1791667943331"
"insert","pushToUndo"," pasted in the middle","0","8508","8674","23860","21","21","0","1791667943331"
"insert","pasteText"," pasted in the middle","0","8928","8674","24280","21","21","0","1791667943331"
"insert","renderDOM"," pasted in the middle","0.05","8928","9094","24280","21","21","0","1791667943333"
"move","handleMovement","","0.05","8928","9094","24280","21","0","0","1791667943333"
"move","renderDOM","","0.1","8928","15186","24280","21","0","0","1791667943334"
"move","handleMovement","","0","0","15186","24280","21","0","0","1791667943334"
"move","renderDOM","","0.15","0","15186","24280","21","0","0","1791667943337"
"move","handleMovement","","0","0","15186","24280","21","0","0","1791667943337"
"move","renderDOM","","0.15","0","15186","24280","21","0","0","1791667943341"
"backspace","pushToUndo","","0","0","15186","24280","21","0","0","1791667943341"
"backspace","handleBackspace","","0","8909","15186","24261","21","0","0","1791667943341"
"backspace","renderDOM","","0.1","8909","15167","24261","21","0","0","1791667943344"
"undo","undo","","0","0","15167","24280","21","0","0","1791667943344"
"undo","renderDOM","","0.2","0","15186","24280","21","0","0","1791667943348"
"redo","redo","","0","0","15186","24280","21","0","0","1791667943348"
"redo","renderDOM","","0.15","0","15186","24280","21","0","0","1791667943351"
"enter","pushToUndo","","0","0","15186","24280","21","0","0","1791667943351"
"enter","handleEnter","","0","0","15186","24280","41","0","0","1791667943351"
"enter","renderDOM","","0.2","0","6258","24280","41","0","0","1791667943353"
"insert","pushToUndo","A multiline block follows, including several paragraphs, punctuation, numbers, and symbols.
The second line begins here and contains enough words to test horizontal cursor movement, text selection, and insertion in the middle of a sentence.
The third line includes 1234567890, brackets [a, b, c], braces {x: 1}, and symbols !@#$%^&*().
The fourth line deliberately contains repeated words: alpha alpha beta beta gamma gamma delta delta.
The final line concludes this pasted block and gives us a useful place to test undo and redo.","0","0","6258","24280","41","530","0","1791667943353"
"insert","pasteText","A multiline block follows, including several paragraphs, punctuation, numbers, and symbols.
The second line begins here and contains enough words to test horizontal cursor movement, text selection, and insertion in the middle of a sentence.
The third line includes 1234567890, brackets [a, b, c], braces {x: 1}, and symbols !@#$%^&*().
The fourth line deliberately contains repeated words: alpha alpha beta beta gamma gamma delta delta.
The final line concludes this pasted block and gives us a useful place to test undo and redo.","0","93","6258","34800","121","530","0","1791667943353"
"insert","renderDOM","A multiline block follows, including several paragraphs, punctuation, numbers, and symbols.
The second line begins here and contains enough words to test horizontal cursor movement, text selection, and insertion in the middle of a sentence.
The third line includes 1234567890, brackets [a, b, c], braces {x: 1}, and symbols !@#$%^&*().
The fourth line deliberately contains repeated words: alpha alpha beta beta gamma gamma delta delta.
The final line concludes this pasted block and gives us a useful place to test undo and redo.","0.4","93","6351","34800","121","530","0","1791667943362"
"move","handleMovement","","0","93","6351","34800","121","0","0","1791667943362"
"move","renderDOM","","0.4","93","184","34800","121","0","0","1791667943370"
"move","handleMovement","","0","73","184","34800","121","0","0","1791667943370"
"move","renderDOM","","0.6","73","184","34800","121","0","0","1791667943381"
"move","handleMovement","","0","53","184","34800","121","0","0","1791667943381"
"move","renderDOM","","0.4","53","184","34800","121","0","0","1791667943390"
"move","handleMovement","","0","33","184","34800","121","0","0","1791667943390"
"move","renderDOM","","0.4","33","184","34800","121","0","0","1791667943399"
"insert","pushToUndo","MIDDLE ","0","33","184","34800","121","7","0","1791667943399"
"insert","insertText","MIDDLE ","0","173","184","34940","121","7","0","1791667943399"
"insert","renderDOM","MIDDLE ","0.45","173","324","34940","121","7","0","1791667943408"
"move","handleMovement","","0","193","324","34940","121","0","0","1791667943408"
"move","renderDOM","","0.55","193","324","34940","121","0","0","1791667943417"
"move","handleMovement","","0","213","324","34940","121","0","0","1791667943417"
"move","renderDOM","","0.4","213","324","34940","121","0","0","1791667943427"
"move","handleMovement","","0","233","324","34940","121","0","0","1791667943427"
"move","renderDOM","","0.75","233","324","34940","121","0","0","1791667943441"
"cut","pushToUndo","","0","233","324","34940","121","0","0","1791667943441"
"cut","removeSelectedText","","0","173","324","34940","121","0","0","1791667943441"
"cut","renderDOM","","0.4","173","324","34940","121","0","0","1791667943449"
"insert","pushToUndo","replaced selection","0","173","324","34940","121","18","0","1791667943449"
"insert","insertText","replaced selection","0","533","324","35300","121","18","0","1791667943449"
"insert","renderDOM","replaced selection","0.5","533","684","35300","121","18","0","1791667943459"
"move","handleMovement","","0","533","684","35300","121","0","0","1791667943459"
"move","renderDOM","","0.5","533","6351","35300","121","0","0","1791667943469"
"move","handleMovement","","0","533","6351","35300","121","0","0","1791667943469"
"move","renderDOM","","0.5","533","9094","35300","121","0","0","1791667943479"
"move","handleMovement","","0","513","9094","35300","121","0","0","1791667943479"
"move","renderDOM","","0.45","513","9094","35300","121","0","0","1791667943487"
"move","handleMovement","","0","493","9094","35300","121","0","0","1791667943487"
"move","renderDOM","","0.5","493","9094","35300","121","0","0","1791667943498"
"move","handleMovement","","0","473","9094","35300","121","0","0","1791667943498"
"move","renderDOM","","0.45","473","9094","35300","121","0","0","1791667943508"
"insert","pushToUndo","123","0","473","9094","35300","121","3","0","1791667943508"
"insert","insertText","123","0","533","9094","35360","121","3","0","1791667943508"
"insert","renderDOM","123","0.55","533","9154","35360","121","3","0","1791667943518"
"tab","pushToUndo","","0","533","9154","35360","121","0","0","1791667943518"
"tab","handleTab","","0","612","9154","35439","121","0","0","1791667943518"
"tab","renderDOM","","0.45","612","9233","35439","121","0","0","1791667943527"
"insert","pushToUndo","Indented content after a tab, followed by enough text to make the line long and provide multiple cursor positions for subsequent edits.","0","612","9233","35439","121","135","0","1791667943527"
"insert","insertText","Indented content after a tab, followed by enough text to make the line long and provide multiple cursor positions for subsequent edits.","0","3312","9233","38139","121","135","0","1791667943527"
"insert","renderDOM","Indented content after a tab, followed by enough text to make the line long and provide multiple cursor positions for subsequent edits.","0.45","3312","11933","38139","121","135","0","1791667943536"
"move","handleMovement","","0","3292","11933","38139","121","0","0","1791667943536"
"move","renderDOM","","0.5","3292","11933","38139","121","0","0","1791667943546"
"move","handleMovement","","0","3272","11933","38139","121","0","0","1791667943546"
"move","renderDOM","","0.45","3272","11933","38139","121","0","0","1791667943555"
"move","handleMovement","","0","3252","11933","38139","121","0","0","1791667943555"
"move","renderDOM","","0.5","3252","11933","38139","121","0","0","1791667943565"
"move","handleMovement","","0","3232","11933","38139","121","0","0","1791667943565"
"move","renderDOM","","0.5","3232","11933","38139","121","0","0","1791667943574"
"move","handleMovement","","0","3212","11933","38139","121","0","0","1791667943574"
"move","renderDOM","","0.45","3212","11933","38139","121","0","0","1791667943585"
"move","handleMovement","","0","3192","11933","38139","121","0","0","1791667943585"
"move","renderDOM","","0.6","3192","11933","38139","121","0","0","1791667943595"
"backspace","pushToUndo","","0","3192","11933","38139","121","0","0","1791667943595"
"backspace","handleBackspace","","0","3213","11933","38120","121","0","0","1791667943596"
"backspace","renderDOM","","0.4","3213","11914","38120","121","0","0","1791667943604"
"insert","pushToUndo"," corrected phrase","0","3213","11914","38120","121","17","0","1791667943604"
"insert","insertText"," corrected phrase","0","3553","11914","38460","121","17","0","1791667943604"
"insert","renderDOM"," corrected phrase","0.5","3553","12254","38460","121","17","0","1791667943614"
"undo","undo","","0.05","3213","12254","38120","121","0","0","1791667943615"
"undo","renderDOM","","0.5","3213","11914","38120","121","0","0","1791667943626"
"redo","redo","","0","3213","11914","38120","121","0","0","1791667943626"
"redo","renderDOM","","1.3","3213","11914","38120","121","0","0","1791667943651"
"move","handleMovement","","0","3233","11914","38120","121","0","0","1791667943651"
"move","renderDOM","","0.5","3233","11914","38120","121","0","0","1791667943661"
"move","handleMovement","","0","3253","11914","38120","121","0","0","1791667943661"
"move","renderDOM","","0.5","3253","11914","38120","121","0","0","1791667943671"
"move","handleMovement","","0","3273","11914","38120","121","0","0","1791667943671"
"move","renderDOM","","0.55","3273","11914","38120","121","0","0","1791667943682"
"move","handleMovement","","0","3293","11914","38120","121","0","0","1791667943682"
"move","renderDOM","","0.45","3293","11914","38120","121","0","0","1791667943692"
"move","handleMovement","","0","3313","11914","38120","121","0","0","1791667943692"
"move","renderDOM","","0.55","3313","11914","38120","121","0","0","1791667943701"
"move","handleMovement","","0","3333","11914","38120","121","0","0","1791667943701"
"move","renderDOM","","0.5","3333","11914","38120","121","0","0","1791667943713"
"move","handleMovement","","0","3353","11914","38120","121","0","0","1791667943713"
"move","renderDOM","","0.5","3353","11914","38120","121","0","0","1791667943722"
"insert","pushToUndo"," in the center","0","3353","11914","38120","121","14","0","1791667943723"
"insert","insertText"," in the center","0","3633","11914","38400","121","14","0","1791667943723"
"insert","renderDOM"," in the center","0.55","3633","12194","38400","121","14","0","1791667943733"
"move","handleMovement","","0","3613","12194","38400","121","0","0","1791667943733"
"move","renderDOM","","0.65","3613","12194","38400","121","0","0","1791667943746"
"move","handleMovement","","0","3593","12194","38400","121","0","0","1791667943746"
"move","renderDOM","","0.45","3593","12194","38400","121","0","0","1791667943755"
"move","handleMovement","","0","3573","12194","38400","121","0","0","1791667943755"
"move","renderDOM","","0.5","3573","12194","38400","121","0","0","1791667943765"
"move","handleMovement","","0","3553","12194","38400","121","0","0","1791667943765"
"move","renderDOM","","0.5","3553","12194","38400","121","0","0","1791667943776"
"move","handleMovement","","0","3533","12194","38400","121","0","0","1791667943776"
"move","renderDOM","","0.55","3533","12194","38400","121","0","0","1791667943786"
"move","handleMovement","","0","3513","12194","38400","121","0","0","1791667943786"
"move","renderDOM","","0.6","3513","12194","38400","121","0","0","1791667943798"
"move","handleMovement","","0","3493","12194","38400","121","0","0","1791667943798"
"move","renderDOM","","0.6","3493","12194","38400","121","0","0","1791667943809"
"insert","pushToUndo","central","0","3493","12194","38400","121","7","0","1791667943809"
"insert","insertText","central","0","3686","12194","38540","121","7","0","1791667943809"
"insert","renderDOM","central","0.45","3686","12334","38540","121","7","0","1791667943820"
"move","handleMovement","","0","3686","12334","38540","121","0","0","1791667943820"
"move","renderDOM","","0.45","3686","6351","38540","121","0","0","1791667943829"
"move","handleMovement","","0","3706","6351","38540","121","0","0","1791667943829"
"move","renderDOM","","0.55","3706","6351","38540","121","0","0","1791667943840"
"move","handleMovement","","0","3726","6351","38540","121","0","0","1791667943840"
"move","renderDOM","","0.45","3726","6351","38540","121","0","0","1791667943849"
"move","handleMovement","","0","3746","6351","38540","121","0","0","1791667943849"
"move","renderDOM","","0.5","3746","6351","38540","121","0","0","1791667943858"
"move","handleMovement","","0","3766","6351","38540","121","0","0","1791667943858"
"move","renderDOM","","0.5","3766","6351","38540","121","0","0","1791667943868"
"move","handleMovement","","0","3786","6351","38540","121","0","0","1791667943868"
"move","renderDOM","","0.5","3786","6351","38540","121","0","0","1791667943877"
"move","handleMovement","","0","3806","6351","38540","121","0","0","1791667943877"
"move","renderDOM","","0.45","3806","6351","38540","121","0","0","1791667943887"
"move","handleMovement","","0","3826","6351","38540","121","0","0","1791667943887"
"move","renderDOM","","0.45","3826","6351","38540","121","0","0","1791667943896"
"move","handleMovement","","0","3846","6351","38540","121","0","0","1791667943896"
"move","renderDOM","","0.5","3846","6351","38540","121","0","0","1791667943906"
"insert","pushToUndo","XYZ","0","3846","6351","38540","121","3","0","1791667943906"
"insert","insertText","XYZ","0","3906","6351","38600","121","3","0","1791667943906"
"insert","renderDOM","XYZ","0.5","3906","6411","38600","121","3","0","1791667943916"
"undo","undo","","0","3846","6411","38540","121","0","0","1791667943916"
"undo","renderDOM","","0.45","3846","6351","38540","121","0","0","1791667943925"
"redo","redo","","0","3846","6351","38540","121","0","0","1791667943925"
"redo","renderDOM","","0.5","3846","6351","38540","121","0","0","1791667943935"
"move","handleMovement","","0","3826","6351","38540","121","0","0","1791667943935"
"move","renderDOM","","0.5","3826","6351","38540","121","0","0","1791667943944"
"move","handleMovement","","0","3806","6351","38540","121","0","0","1791667943944"
"move","renderDOM","","0.45","3806","6351","38540","121","0","0","1791667943955"
"move","handleMovement","","0","3786","6351","38540","121","0","0","1791667943955"
"move","renderDOM","","0.5","3786","6351","38540","121","0","0","1791667943964"
"backspace","pushToUndo","","0","3786","6351","38540","121","0","0","1791667943964"
"backspace","handleBackspace","","0.05","3766","6351","38520","121","0","0","1791667943964"
"backspace","renderDOM","","0.4","3766","6331","38520","121","0","0","1791667943973"
"insert","pushToUndo","Q","0","3766","6331","38520","121","1","0","1791667943973"
"insert","insertText","Q","0","3786","6331","38540","121","1","0","1791667943973"
"insert","renderDOM","Q","0.5","3786","6351","38540","121","1","0","1791667943983"
"move","handleMovement","","0","3786","6351","38540","121","0","0","1791667943983"
"move","renderDOM","","0.5","3786","12334","38540","121","0","0","1791667943993"
"move","handleMovement","","0","3766","12334","38540","121","0","0","1791667943993"
"move","renderDOM","","0.55","3766","12334","38540","121","0","0","1791667944004"
"move","handleMovement","","0","3746","12334","38540","121","0","0","1791667944004"
"move","renderDOM","","0.5","3746","12334","38540","121","0","0","1791667944014"
"move","handleMovement","","0","3726","12334","38540","121","0","0","1791667944014"
"move","renderDOM","","0.5","3726","12334","38540","121","0","0","1791667944023"
"move","handleMovement","","0","3706","12334","38540","121","0","0","1791667944023"
"move","renderDOM","","0.45","3706","12334","38540","121","0","0","1791667944033"
"move","handleMovement","","0","3686","12334","38540","121","0","0","1791667944033"
"move","renderDOM","","0.45","3686","12334","38540","121","0","0","1791667944042"
"move","handleMovement","","0","3666","12334","38540","121","0","0","1791667944042"
"move","renderDOM","","0.45","3666","12334","38540","121","0","0","1791667944051"
"move","handleMovement","","0","3646","12334","38540","121","0","0","1791667944051"
"move","renderDOM","","1.8","3646","12334","38540","121","0","0","1791667944087"
"move","handleMovement","","0","3626","12334","38540","121","0","0","1791667944087"
"move","renderDOM","","0.45","3626","12334","38540","121","0","0","1791667944095"
"move","handleMovement","","0","3606","12334","38540","121","0","0","1791667944096"
"move","renderDOM","","0.45","3606","12334","38540","121","0","0","1791667944106"
"move","handleMovement","","0","3586","12334","38540","121","0","0","1791667944106"
"move","renderDOM","","0.55","3586","12334","38540","121","0","0","1791667944116"
"move","handleMovement","","0","3566","12334","38540","121","0","0","1791667944116"
"move","renderDOM","","0.55","3566","12334","38540","121","0","0","1791667944127"
"move","handleMovement","","0","3546","12334","38540","121","0","0","1791667944127"
"move","renderDOM","","0.55","3546","12334","38540","121","0","0","1791667944138"
"cut","pushToUndo","","0","3546","12334","38540","121","0","0","1791667944138"
"cut","removeSelectedText","","0","3586","12334","38540","121","0","0","1791667944138"
"cut","renderDOM","","0.5","3586","12334","38540","121","0","0","1791667944148"
"insert","pushToUndo","a different ending","0","3586","12334","38540","121","18","0","1791667944149"
"insert","pasteText","a different ending","0","3946","12334","38900","121","18","0","1791667944149"
"insert","renderDOM","a different ending","0.55","3946","12694","38900","121","18","0","1791667944160"
"move","handleMovement","","0","3966","12694","38900","121","0","0","1791667944160"
"move","renderDOM","","0.45","3966","12694","38900","121","0","0","1791667944169"
"move","handleMovement","","0","3986","12694","38900","121","0","0","1791667944169"
"move","renderDOM","","0.55","3986","12694","38900","121","0","0","1791667944179"
"move","handleMovement","","0","4006","12694","38900","121","0","0","1791667944179"
"move","renderDOM","","0.6","4006","12694","38900","121","0","0","1791667944191"
"insert","pushToUndo"," with a continuation","0","4006","12694","38900","121","20","0","1791667944191"
"insert","insertText"," with a continuation","0","4406","12694","39300","121","20","0","1791667944191"
"insert","renderDOM"," with a continuation","0.5","4406","13094","39300","121","20","0","1791667944201"
"enter","pushToUndo","","0","4406","13094","39300","121","0","0","1791667944201"
"enter","handleEnter","","0","0","13094","39300","141","0","0","1791667944201"
"enter","renderDOM","","0.55","0","8688","39300","141","0","0","1791667944213"
"insert","pushToUndo","The editor should now contain a substantial amount of content across multiple lines. This sequence intentionally moves the cursor back and forth before inserting, deleting, selecting, cutting, and replacing text. The edits target locations throughout the document so that cursor behavior can be tested away from line boundaries, while the history operations exercise undo and redo after several different kinds of changes.","0","0","8688","39300","141","422","0","1791667944213"
"insert","insertText","The editor should now contain a substantial amount of content across multiple lines. This sequence intentionally moves the cursor back and forth before inserting, deleting, selecting, cutting, and replacing text. The edits target locations throughout the document so that cursor behavior can be tested away from line boundaries, while the history operations exercise undo and redo after several different kinds of changes.","0","8440","8688","47740","141","422","0","1791667944213"
"insert","renderDOM","The editor should now contain a substantial amount of content across multiple lines. This sequence intentionally moves the cursor back and forth before inserting, deleting, selecting, cutting, and replacing text. The edits target locations throughout the document so that cursor behavior can be tested away from line boundaries, while the history operations exercise undo and redo after several different kinds of changes.","0.7","8440","17128","47740","141","422","0","1791667944225"
"move","handleMovement","","0","8420","17128","47740","141","0","0","1791667944225"
"move","renderDOM","","0.6","8420","17128","47740","141","0","0","1791667944238"
"move","handleMovement","","0","8400","17128","47740","141","0","0","1791667944238"
"move","renderDOM","","0.6","8400","17128","47740","141","0","0","1791667944250"
"move","handleMovement","","0","8380","17128","47740","141","0","0","1791667944250"
"move","renderDOM","","0.6","8380","17128","47740","141","0","0","1791667944262"
"move","handleMovement","","0","8360","17128","47740","141","0","0","1791667944262"
"move","renderDOM","","0.6","8360","17128","47740","141","0","0","1791667944274"
"move","handleMovement","","0","8340","17128","47740","141","0","0","1791667944274"
"move","renderDOM","","0.7","8340","17128","47740","141","0","0","1791667944288"
"move","handleMovement","","0","8320","17128","47740","141","0","0","1791667944288"
"move","renderDOM","","0.6","8320","17128","47740","141","0","0","1791667944300"
"move","handleMovement","","0","8300","17128","47740","141","0","0","1791667944300"
"move","renderDOM","","0.75","8300","17128","47740","141","0","0","1791667944314"
"move","handleMovement","","0","8280","17128","47740","141","0","0","1791667944314"
"move","renderDOM","","0.75","8280","17128","47740","141","0","0","1791667944330"
"move","handleMovement","","0","8260","17128","47740","141","0","0","1791667944330"
"move","renderDOM","","0.85","8260","17128","47740","141","0","0","1791667944347"
"insert","pushToUndo","modified","0","8260","17128","47740","141","8","0","1791667944347"
"insert","insertText","modified","0","8472","17128","47900","141","8","0","1791667944347"
"insert","renderDOM","modified","0.65","8472","17288","47900","141","8","0","1791667944360"
"move","handleMovement","","0","4406","17288","47900","141","0","0","1791667944360"
"move","renderDOM","","0.5","4406","4406","47900","141","0","0","1791667944371"
"move","handleMovement","","0","4386","4406","47900","141","0","0","1791667944371"
"move","renderDOM","","0.85","4386","4406","47900","141","0","0","1791667944387"
"move","handleMovement","","0","4366","4406","47900","141","0","0","1791667944387"
"move","renderDOM","","0.65","4366","4406","47900","141","0","0","1791667944400"
"move","handleMovement","","0","4386","4406","47900","141","0","0","1791667944400"
"move","renderDOM","","0.65","4386","4406","47900","141","0","0","1791667944414"
"cut","pushToUndo","","0","4386","4406","47900","141","0","0","1791667944414"
"cut","removeSelectedText","","0","4366","4406","47900","141","0","0","1791667944414"
"cut","renderDOM","","0.7","4366","4406","47900","141","0","0","1791667944427"
"insert","pushToUndo","final edit","0","4366","4406","47900","141","10","0","1791667944428"
"insert","insertText","final edit","0","4566","4406","48100","141","10","0","1791667944428"
"insert","renderDOM","final edit","0.65","4566","4606","48100","141","10","0","1791667944440"
"undo","undo","","0","4366","4606","47900","141","0","0","1791667944440"
"undo","renderDOM","","0.55","4366","4406","47900","141","0","0","1791667944451"
"undo","undo","","0","4386","4406","47900","141","0","0","1791667944452"
"undo","renderDOM","","0.75","4386","4406","47900","141","0","0","1791667944465"
"redo","redo","","0","4386","4406","47900","141","0","0","1791667944465"
"redo","renderDOM","","0.6","4386","4406","47900","141","0","0","1791667944478"
"redo","redo","","0","4386","4406","47900","141","0","0","1791667944478"
"redo","renderDOM","","0.65","4386","4406","47900","141","0","0","1791667944491"